Month_Since_Last_Donation,Body_Temperature,Hemoglobin_Content,Weight,Donate_Blood
7,37.19,12.1,68,0
15,38.68,13.36,83,0
9,37.85,14.04,58,0
11,37.11,14.44,82,1
18,37.75,13.61,58,0
8,37.78,13.21,66,0
11,35.74,13.67,67,1
1,37.77,12.95,68,0
8,36.28,12.7,71,1
6,36.22,12.62,56,1
14,36.15,13.34,47,0
16,38.55,13.49,72,0
13,37.31,14.48,57,1
1,36.17,12.68,60,0
10,38.29,13.73,80,0
3,36.65,12.84,76,1
13,38.76,14.75,51,0
13,36.18,14.31,50,1
10,38.57,14.25,58,0
13,36.12,14.63,67,1
17,37.13,12.87,81,1
6,37.21,14.05,62,1
4,37.84,14.34,85,0
7,36.76,13.22,85,1
3,37.91,14.25,89,0
9,37.74,14.35,69,0
14,35.74,12.75,80,1
4,37.74,14.19,83,0
6,37.78,12.29,45,0
13,37.8,12.49,56,0
8,36.11,12.7,86,1
15,35.65,13.11,45,0
5,37.29,13.97,74,1
10,38.4,13.13,45,0
14,38.47,14.07,69,0
6,37.5,14.75,68,1
1,36.16,13.36,45,0
19,36.71,13.83,45,0
2,38.15,13.15,51,0
7,36.18,14.54,59,1
12,35.14,13.68,62,1
2,37,13.92,58,0
13,36.67,14.74,63,1
7,38.65,13.15,74,0
7,35.57,12.77,82,1
2,37.95,14.72,74,0
17,38.39,13.09,67,0
4,37.2,14.48,59,1
13,36.71,13.07,80,1
10,37.69,13.87,49,0
14,36.82,12.84,81,1
18,36.37,14.63,64,1
8,37.05,13.43,50,1
6,37.13,13.78,51,1
13,38.03,14.09,53,0
11,36.8,14.43,77,1
7,37.94,14.75,46,0
7,38.46,12.58,85,0
15,38.08,13.37,75,0
7,35.51,14.57,56,1
1,38.06,12.36,87,0
13,37.94,13.74,53,0
19,37.13,14.17,66,1
13,38,12.94,65,0
10,37.7,12.48,64,0
3,36.45,12.39,76,0
12,37.04,12.65,84,1
12,38.41,14.56,81,0
13,36.5,13.72,45,0
17,37.64,13.42,60,0
8,36.5,14.78,73,1
17,37.9,12.71,61,0
19,36.35,12.67,53,1
17,36.93,12.36,60,0
9,35.75,13.26,70,1
2,36.62,13.61,70,0
16,36.29,14.57,88,1
6,37.82,12.52,53,0
5,36.57,12.8,83,1
18,37.97,13.87,78,0
8,38.23,14.65,75,0
10,36.55,13.17,76,1
17,37.92,13.26,87,0
3,36.22,13.77,67,1
4,38.62,13.01,78,0
18,36.55,13.02,85,1
19,36.43,13.48,60,1
17,36.93,12.85,72,1
4,35.93,13.51,70,1
3,37.63,13.35,68,0
1,36.29,14.35,84,0
9,37.48,13.9,58,1
3,38.8,14.48,52,0
16,35.62,13.66,59,1
5,38.07,13.14,68,0
13,37.68,13.57,47,0
14,36.87,13.59,64,1
10,36.64,14.16,89,1
18,37.65,13.14,87,0
4,37.36,12.68,63,1
6,36.29,12.87,57,1
16,37.23,12.56,75,1
6,37.64,13.18,66,0
12,36.71,14.57,60,1
8,37.32,12.25,64,0
11,35.26,13.04,84,1
2,36.46,12.52,82,0
9,36.24,13.49,86,1
9,37.51,12.57,67,0
10,38.67,14.04,82,0
7,37.93,12.76,82,0
18,36.93,12.84,62,1
11,37,14.63,51,1
13,37.13,14.18,84,1
2,36.7,12.36,85,0
13,37.9,14.24,80,0
14,37.28,14.04,70,1
13,37.05,12.52,57,1
18,37.87,14.06,52,0
18,36.89,14.37,59,1
9,36.83,13.45,48,0
17,37.44,14.53,76,1
16,38.48,14.47,51,0
16,36.68,14.34,80,1
7,36.49,12.65,69,1
6,36.56,14.61,66,1
6,37.8,14.7,53,0
10,38.03,14.68,78,0
19,38.18,12.29,57,0
8,37.15,14.43,61,1
11,36.76,12.59,65,1
18,36.64,13.46,68,1
11,36.65,12.54,87,1
16,37.35,12.7,80,1
13,36.13,13.19,48,0
1,38,13.65,79,0
1,36.42,13.85,55,0
2,38.62,13.51,56,0
18,38.06,14.64,69,0
13,36.97,13.62,80,1
14,38.31,14.39,88,0
5,37.28,14.09,80,1
16,37.48,14.33,89,1
8,37.35,12.64,76,1
17,36.56,14.42,67,1
7,38.04,14.51,47,0
13,37.24,13.82,51,1
13,38.27,13.72,62,0
7,35.38,13.44,66,1
19,38.36,12.45,87,0
12,37.87,13.46,78,0
5,35.52,13.42,70,1
17,36.84,14.45,76,1
10,38.74,12.55,61,0
11,38.19,13.82,63,0
15,38.54,12.48,68,0
18,36.85,14.19,52,1
4,38.19,14.55,70,0
14,36.23,12.96,71,1
10,36.47,13.97,78,1
13,38.27,13.78,53,0
18,36.17,13.7,72,1
5,37.73,13.75,51,0
9,36.12,13.17,75,1
16,36.6,13.55,81,1
6,36.3,13.18,73,1
9,37.11,13.41,79,1
5,38.32,13.81,69,0
7,37.44,14.66,78,1
3,36.79,14.49,48,0
15,36.78,13.49,88,1
14,37.63,13.08,49,0
8,36.81,12.8,74,1
4,36.57,13.22,83,1
14,37.82,14.39,67,0
1,37.01,14.5,61,0
15,36.66,13.23,83,1
8,37.18,13.55,49,0
11,38.04,12.85,71,0
3,36.77,12.47,66,0
11,36.63,13.25,72,1
16,37.35,14.03,65,1
7,38.72,12.76,45,0
4,36.19,14.46,72,1
5,37.55,14.59,76,0
11,37.98,12.79,63,0
7,36.46,13.39,82,1
1,37.74,12.61,57,0
1,36.23,13.98,74,0
6,36.32,13.38,87,1
17,36.43,14.26,83,1
3,36.36,13.62,84,1
1,38.52,13.69,47,0
14,37.94,13.3,46,0
6,36.53,14.2,70,1
12,36.46,14.57,73,1
15,37.14,14.52,85,1
10,37.53,12.79,63,0
5,36.43,13.24,57,1
3,38.57,13.36,55,0
11,37.28,13.54,55,1
12,36.9,14.51,72,1
10,35.73,13.63,74,1
13,37.26,12.42,84,0
19,36.6,13.39,48,0
13,37.14,13.2,87,1
18,37.67,12.51,83,0
5,37.04,12.82,58,1
7,36.12,12.15,57,0
13,38.08,13.85,83,0
12,37.96,13.45,67,0
17,37.69,12.77,69,0
10,37.54,14.74,72,0
5,36.41,13.37,56,1
5,38.29,13.39,80,0
17,36.8,12.98,50,1
11,36.14,12.45,51,0
12,36.96,14.57,51,1
16,38.16,12.21,79,0
4,38.3,12.47,68,0
10,36.21,13.68,53,1
7,36.74,13.63,85,1
2,37.06,14.41,75,0
17,36.56,12.96,60,1
16,37.5,14.76,54,1
17,36.24,12.7,50,1
3,37.1,14.47,45,0
17,35.73,14.61,71,1
9,37.42,12.58,61,1
11,37.15,14.75,53,1
12,35.86,14.44,57,1
2,37.13,14.68,67,0
12,36.91,12.23,81,0
10,38.55,14.21,73,0
19,37.44,12.99,62,1
14,36.51,13.25,71,1
16,37.45,12.99,66,1
7,36.39,12.75,66,1
18,37.14,12.73,68,1
6,36.35,12.29,86,0
5,37.74,13.22,47,0
1,36.13,14.4,86,0
8,36.69,12.72,84,1
1,38.43,12.46,46,0
6,36.95,14.48,62,1
7,38.55,12.86,80,0
3,38.45,13.11,68,0
1,38.23,12.42,47,0
3,38.08,13.24,56,0
19,36.88,14.65,72,1
14,37.42,13.88,85,1
3,38.21,12.73,47,0
17,36.11,13.93,87,1
10,38.35,12.65,62,0
16,36.34,13,66,1
6,38.05,13.57,56,0
15,35.64,13.81,85,1
9,36.19,12.72,45,0
1,36.57,12.46,79,0
10,38.29,12.73,74,0
8,36.52,13.62,85,1
19,38.06,14.57,66,0
1,37.86,13.08,79,0
19,36.94,12.73,86,1
5,36.12,13.34,46,0
2,37.58,12.96,77,0
10,37,13.77,80,1
9,37.09,13.54,82,1
11,38.64,14.64,73,0
10,37.44,12.89,87,1
3,37.32,13.97,68,1
15,37.85,12.81,78,0
8,36.46,12.51,53,1
16,37.96,13.6,55,0
6,36.31,14.21,77,1
9,37.14,12.53,79,1
2,36.22,14.52,77,0
5,36.21,14.4,72,1
9,38.61,13.5,55,0
18,37.06,13.79,58,1
18,37.22,13.12,58,1
18,37.76,13.38,78,0
11,36.34,14.06,75,1
18,36.63,13.53,65,1
2,36.11,13.1,77,0
10,36.14,13.35,67,1
16,38.28,14.14,80,0
3,37.52,13.06,49,0
4,37.03,12.7,72,1
13,36.81,13.31,60,1
13,37.86,13.05,68,0
14,37.23,12.83,80,1
9,36.86,13.02,81,1
7,36.87,12.53,57,1
12,36.83,12.42,65,0
9,37.05,13.05,73,1
17,38.15,13.2,61,0
13,36.79,14.29,68,1
10,37.13,14.55,58,1
2,38.39,13.05,47,0
13,36.58,12.73,86,1
3,37.5,13.65,77,1
16,36.31,13.82,67,1
2,36.77,14.12,58,0
18,36.62,13.18,83,1
1,37.42,12.56,75,0
1,36.12,14.65,48,0
11,37.17,14.64,65,1
19,38.21,12.9,77,0
6,37.02,14.73,69,1
19,36.34,14.08,83,1
17,36.48,12.72,89,1
13,36.5,13.33,49,0
11,37.12,14.62,58,1
14,36.63,12.78,57,1
11,37.04,14.63,67,1
14,36.81,13.18,49,0
10,36.22,13.61,45,0
14,36.11,12.43,73,0
15,36.73,14.59,73,1
11,36.45,13.79,81,1
5,37.19,13.96,82,1
5,37.39,12.56,52,1
8,37.59,14.09,53,0
9,38.15,12.32,81,0
3,37.09,14.33,77,1
14,38.19,14.23,82,0
4,35.95,13.86,69,1
1,37.53,13.96,76,0
12,38.15,14.35,54,0
9,36.89,12.76,60,1
12,36.38,12.99,79,1
7,38.12,14.53,78,0
6,35.59,13.57,80,1
4,36.8,13.45,85,1
6,36.74,13.56,83,1
1,38.5,12.7,82,0
12,38.74,14.37,80,0
1,37.09,14.57,74,0
11,37.53,14.74,83,0
12,37.2,12.63,88,1
7,38.33,12.35,50,0
7,36.41,14.51,70,1
6,36.71,12.86,64,1
6,37.77,12.43,57,0
10,37.28,13.8,78,1
9,37.94,14.21,57,0
2,36.73,13.91,82,0
16,36.73,13.33,79,1
15,36.21,13.16,77,1
18,35.51,14.34,52,1
6,36.4,13.45,49,0
19,37.24,13.17,66,1
10,35.01,12.75,88,1
9,38.65,12.9,52,0
5,36.76,14.53,64,1
16,36.75,13.31,78,1
12,37.94,14.76,55,0
11,37.69,12.26,74,0
19,35.57,14.42,58,1
9,36.85,12.43,89,0
15,36.89,12.68,73,1
6,38.56,13.39,60,0
17,38.73,13.93,72,0
12,35.74,13.5,69,1
4,38.04,13.99,48,0
9,37.81,12.3,71,0
11,36.97,14.7,88,1
11,38.48,12.25,81,0
1,38.62,13.25,68,0
15,35.53,13.63,80,1
7,37.76,12.57,53,0
12,36.88,14.6,89,1
6,37.02,14.25,46,0
19,36.44,12.85,48,0
19,36.31,12.57,71,1
3,38.06,12.4,47,0
12,36.53,13.72,55,1
18,37.9,14.35,54,0
11,35.12,12.6,77,1
9,37.14,13.49,72,1
7,37.2,12.16,76,0
18,37.36,13.11,88,1
3,38.51,14.76,76,0
11,38.41,13.02,88,0
2,36.89,13.81,75,0
5,35.53,14.07,64,1
5,38.32,12.96,73,0
13,37.87,13.7,48,0
10,36.83,13.26,81,1
4,38.31,13.52,82,0
2,36.95,12.33,62,0
1,36.72,12.92,74,0
11,36.75,14.56,76,1
6,37.44,13.26,63,1
6,37.97,13.26,64,0
18,36.81,12.85,62,1
6,35.28,14.64,80,1
18,37.58,12.27,51,0
4,36.43,12.56,67,1
10,38.02,12.82,72,0
13,38.52,13.18,59,0
9,37.14,12.63,79,1
5,38.47,13.96,53,0
4,37.63,13.08,51,0
10,38.31,14.67,89,0
12,38.39,13,81,0
19,36.12,14.78,77,1
5,37.68,14.1,47,0
16,37.16,14.39,58,1
3,37.62,14.74,52,0
9,36.64,14.14,50,1
13,36.55,14.53,85,1
11,37.8,14.45,51,0
17,36.47,13.45,46,0
6,37.32,13.45,76,1
7,36.66,13.49,48,0
4,37.33,12.86,88,1
3,36.33,14.05,73,1
8,36.5,13.95,89,1
7,37.21,14.71,51,1
19,38.04,14.12,83,0
16,37.42,14.51,74,1
11,36.47,13.11,50,1
3,35.71,12.87,81,1
10,37.77,13.21,85,0
5,37.82,12.48,60,0
3,37.16,13.33,46,0
14,36.16,12.79,81,1
5,38.39,12.52,84,0
19,35.91,12.64,83,1
17,37.07,14.46,62,1
8,37,12.82,65,1
11,36.37,14.27,65,1
10,38.1,12.37,84,0
19,36.24,12.48,89,0
1,36.11,13.22,89,0
4,35.95,12.7,87,1
12,37.71,14.51,80,0
8,36.67,14.06,72,1
8,36.21,14.19,51,1
1,38.14,13.04,69,0
8,36.2,13.51,81,1
3,35.04,13.65,61,1
10,35.69,13.68,47,0
14,36.72,14.26,67,1
17,36.74,12.26,52,0
11,35.62,14.14,70,1
13,38.18,13.2,47,0
10,35.58,14.23,85,1
1,36.71,13.52,60,0
17,36.37,12.27,82,0
7,36.57,13.18,82,1
2,36.99,13.4,70,0
11,37.57,14.78,80,0
8,35.93,14.64,71,1
5,38.46,14.06,56,0
18,36.72,12.65,71,1
16,37,13.59,71,1
17,37.26,14.15,69,1
16,36.81,12.79,63,1
14,37.4,13.15,78,1
12,38.47,13.8,55,0
1,36.2,13.53,78,0
16,37.08,14.75,85,1
9,38.07,14.34,85,0
8,37.92,12.97,55,0
6,36.1,14.01,57,1
19,36.5,14.12,83,1
17,38.41,13.39,66,0
11,36.67,13.35,57,1
9,36.64,12.81,55,1
5,37,13.25,75,1
9,37.69,14.22,55,0
16,37.32,14.11,52,1
9,36.35,12.33,60,0
18,38.37,14.22,80,0
17,37.72,14.74,75,0
9,36.78,12.8,57,1
14,37.64,14.79,84,0
8,37.89,12.31,68,0
12,37.12,13.35,69,1
11,38.46,14.1,85,0
12,38.61,13.49,81,0
11,38.37,13.06,86,0
11,36.84,13.41,81,1
6,36.2,14.69,68,1
19,37.31,13.13,84,1
19,37.46,13.52,55,1
17,38.58,13.16,88,0
7,36.43,12.75,63,1
11,37.97,14.07,68,0
15,37.59,14.24,64,0
17,36.11,14.08,63,1
16,37.23,13.68,82,1
8,37.65,14.26,47,0
18,36.12,14.4,50,1
11,36.89,13.64,78,1
14,37.04,13.34,84,1
5,38.33,13.65,72,0
13,36.75,13.32,50,1
10,36.26,13.77,71,1
3,38.49,12.27,69,0
18,37.03,14.04,66,1
2,36.99,12.46,59,0
1,37.47,14.67,58,0
11,37.19,12.59,60,1
9,36.65,12.42,78,0
6,36.08,12.66,87,1
8,35.97,12.8,82,1
10,37.8,12.84,47,0
6,36.65,13.73,53,1
18,35.83,13.79,56,1
12,36.21,14.6,62,1
17,37.36,14.38,51,1
6,37.07,13.31,56,1
16,36.55,14.01,73,1
9,37.66,14.09,49,0
5,37.33,12.7,61,1
16,38.36,12.52,61,0
13,36.66,12.26,67,0
11,38.47,14.62,54,0
12,36.38,13.88,82,1
18,36.79,12.72,85,1
3,37.04,14.14,65,1
1,37.59,13.2,78,0
9,36.72,13.25,68,1
8,38.1,12.61,50,0
18,38.07,14.27,69,0
9,35.56,14.77,82,1
5,37.14,13.17,50,1
12,37.19,12.51,81,1
19,37.7,13.35,71,0
3,35.16,14.18,64,1
16,36.33,12.56,58,1
5,37.26,12.34,71,0
9,38.71,14.69,74,0
6,36.88,12.62,50,1
3,37.73,13.11,55,0
8,38.05,14.18,48,0
8,36.16,12.99,72,1
6,37.31,14.02,48,0
19,36.74,12.62,87,1
17,36.91,13.36,79,1
9,37.94,14.3,74,0
14,36.66,14.57,58,1
4,37.7,13.3,48,0
15,37.94,14.45,68,0
16,37.86,14.44,82,0
9,37.21,13.07,55,1
2,37.63,12.36,45,0
16,35.52,12.4,58,1
13,36.7,14.4,69,1
11,36.65,13.19,67,1
14,37.11,12.95,80,1
13,38.55,13.6,47,0
3,37.97,13.29,84,0
18,37.27,12.93,57,1
16,36.87,12.38,79,0
3,36.24,14.36,64,1
9,36.25,12.25,73,0
3,38.49,14.57,69,0
11,38.45,12.48,57,0
13,37.92,14.77,51,0
10,36.32,13.67,50,1
5,36.67,12.81,65,1
13,37.6,13.73,47,0
19,38.7,14.35,66,0
15,36.63,14.12,70,1
13,37.29,13.38,79,1
12,37.33,13.23,66,1
8,38.73,14.72,78,0
7,37.44,12.78,61,1
16,38.57,12.39,54,0
15,37.53,12.57,74,0
19,36.4,13.19,56,1
7,36.66,14.37,55,1
6,38,12.6,81,0
3,36.12,12.51,84,1
14,37.75,14.53,83,0
1,37.26,12.93,80,0
15,37.16,14.48,72,1
8,38.69,13.34,71,0
5,37.19,13.85,84,1
6,36.22,12.8,66,1
8,36.97,13.83,81,1
7,36.59,14.05,65,1
19,36.35,14.4,55,1
6,36.33,14.21,52,1
6,36.6,14.47,83,1
14,38.7,14.02,49,0
8,37.74,14.16,82,0
7,37.54,13.2,50,0
7,37.74,13.53,61,0
8,38.6,13.93,64,0
10,37.68,12.61,84,0
5,35.9,12.93,87,1
16,36.19,13.52,73,1
15,37.58,13.18,56,0
19,37.99,13.45,67,0
14,36.12,14.7,59,1
7,35.09,13.33,50,1
1,37.46,13.84,51,0
11,36.29,14.66,69,1
5,37.81,14.02,83,0
7,36.61,14.57,61,1
15,38,12.79,69,0
8,37.82,12.7,80,0
14,37.29,13.01,65,1
8,38.6,14.4,81,0
15,36.19,12.97,55,1
9,37.29,13.04,48,0
5,36.62,12.55,78,1
14,36.84,13.55,82,1
3,36.86,12.14,66,0
14,37.12,14.47,52,1
10,36.79,14.6,60,1
2,37.45,13.99,54,0
3,35.51,14.44,55,1
17,37.85,13.51,84,0
19,38.36,14.4,76,0
9,38.79,13.2,47,0
1,37.12,13.27,55,0
7,37.35,14.21,74,1
17,38.4,13.08,83,0
14,37.37,14.31,80,1
4,36.88,12.85,71,1
9,38.78,13.89,69,0
14,37.56,13.25,62,0
19,36.56,14.39,65,1
8,37.35,12.61,84,1
11,37.83,13.06,50,0
15,37.23,12.29,53,0
16,36.55,12.88,86,1
12,37.87,14.33,47,0
15,37.3,12.39,73,0
10,38.43,12.61,69,0
5,37.48,14.27,76,1
9,36.3,13.57,50,1
15,37.65,14.71,86,0
16,38.09,13.72,58,0
9,37.37,13.34,78,1
3,37.76,14.43,74,0
14,37.59,14.28,56,0
8,38.61,13.74,86,0
5,38.43,13.95,64,0
14,37.17,14.38,51,1
9,36.48,12.89,61,1
12,36.16,13.06,51,1
18,37.78,12.57,81,0
11,36.28,13.97,60,1
15,36.32,12.3,50,0
4,38.64,13.46,88,0
3,38.35,12.55,69,0
5,36.76,13.54,72,1
6,38.75,12.53,51,0
9,38.45,12.31,48,0
7,37.41,13.7,76,1
8,36.55,13.45,74,1
2,38.32,13.3,69,0
10,36.75,14.45,82,1
1,36.14,13.27,86,0
5,36.14,13.75,65,1
12,37.67,13.08,61,0
14,36.7,14.32,84,1
16,37.92,14.41,70,0
12,37.07,13.9,52,1
11,37.86,12.93,69,0
7,37.09,13.55,89,1
10,36.63,12.72,63,1
12,36.9,14.24,63,1
11,36.83,12.79,88,1
1,36.26,13.9,71,0
9,37.5,13.99,66,1
2,37.89,13.03,75,0
7,36.9,12.9,78,1
1,36.5,13.43,74,0
5,36.42,13.88,52,1
4,38.56,13.52,65,0
10,38.72,13.19,70,0
15,38.44,12.4,61,0
19,35.86,14.61,74,1
5,37.28,12.65,75,1
1,36.47,14.41,67,0
10,37.2,13.45,52,1
1,37.02,13.81,74,0
7,38.47,14.79,83,0
18,38.1,13.5,46,0
10,38.54,13.72,61,0
4,37.12,13.14,54,1
11,38.78,12.41,65,0
17,37.93,14.05,58,0
14,37.17,14.17,79,1
11,35.68,13.56,57,1
9,37.47,13.31,56,1
14,37.15,12.73,86,1
17,36.32,14.15,82,1
12,36.26,12.74,72,1
5,38.22,14.72,82,0
17,37.35,13.48,89,1
16,37.67,14.24,61,0
2,38.27,13.56,62,0
3,36.76,13.8,77,1
10,37.48,13.73,59,1
13,36.87,12.51,61,1
18,37.06,13.33,57,1
1,36.93,14.58,57,0
9,36.11,14.55,66,1
9,38.22,13.23,85,0
1,37.51,13.86,87,0
3,37.24,14.01,62,1
2,38.54,12.9,52,0
10,35.4,13.28,53,1
15,37.91,12.91,50,0
15,38.6,13.15,53,0
12,37.87,13.59,45,0
10,36.17,14.28,86,1
14,37.67,13.19,88,0
2,37.44,14.76,60,0
17,38.71,13.18,47,0
4,37.06,14,58,1
8,36.31,13.44,48,0
11,38.74,13.8,59,0
14,38.65,13.66,76,0
8,36.56,14.46,70,1
11,37.81,13.64,56,0
3,38.68,13.02,46,0
10,36.93,12.94,63,1
7,36.72,12.9,64,1
18,38.67,13.09,85,0
10,37.16,14.52,53,1
5,37.27,13.27,58,1
17,38.51,13.38,65,0
19,36.01,12.9,87,1
11,35.47,14.03,52,1
18,35.9,13.15,73,1
8,37.77,13.88,54,0
9,37.18,14.55,78,1
6,38.57,13.33,74,0
18,38.2,13.18,76,0
11,35.36,14.3,81,1
18,36.48,13.68,75,1
14,36.76,14.15,75,1
17,37.91,12.27,73,0
8,37.12,13.04,55,1
17,37.25,14.1,63,1
6,38.21,12.88,49,0
13,38.16,13.8,58,0
18,36.47,13.72,60,1
4,37.63,12.54,80,0
14,36.86,13.94,55,1
14,37.72,14.59,48,0
18,36.5,12.8,86,1
9,35.38,13.14,88,1
18,38.8,14.56,88,0
3,38.42,14.74,84,0
12,36.22,13.85,53,1
7,38.36,13.14,72,0
4,38.23,14.75,68,0
16,36.89,13.6,65,1
19,35.89,12.88,64,1
18,36.41,13.04,81,1
7,36.24,14.7,84,1
5,38.52,12.28,55,0
7,37.84,12.55,49,0
5,36.51,13.17,56,1
18,37.86,13.6,84,0
7,35.62,13.49,78,1
12,38.62,12.63,51,0
13,36.99,13.79,85,1
16,37.19,12.57,74,1
11,36.97,13.5,69,1
15,37.65,13.74,59,0
18,36.25,13.36,71,1
12,36.55,12.9,61,1
2,37.07,14.55,78,0
9,38.16,14.61,85,0
6,35.69,13.1,66,1
17,37.59,14.41,45,0
18,36.71,12.85,84,1
14,36.13,13.88,47,0
13,36.76,14.2,74,1
16,36.17,14.13,86,1
19,38.77,12.25,79,0
8,37.07,12.43,56,0
6,38.46,14.31,76,0
3,37.89,12.44,71,0
12,36.85,13.09,64,1
14,37.57,13.19,71,0
11,37.04,13.64,88,1
3,38.62,13.59,48,0
10,38.31,14.66,72,0
17,37.07,12.27,82,0
14,36.42,13.49,76,1
1,38.43,12.83,70,0
12,37.35,14.04,75,1
7,37.72,13.05,76,0
9,36.51,12.36,77,0
13,38.76,13.01,54,0
12,36.13,13.36,49,0
17,36.75,14.37,77,1
3,36.63,14.72,55,1
6,38.04,13.17,79,0
14,36.6,13.39,58,1
4,37.24,14.17,72,1
5,36.73,12.58,86,1
17,38.44,13.79,69,0
18,37.03,13.99,46,0
15,36.17,13.67,88,1
16,36.93,13.55,67,1
6,36.74,14.27,86,1
10,36.25,12.71,80,1
8,36.58,14.7,63,1
7,37.08,13.91,85,1
12,37.95,14.76,63,0
14,38.1,14.61,66,0
7,38.25,13.6,67,0
7,36.74,12.96,67,1
15,36.16,14,59,1
8,36.52,13.36,77,1
6,36.84,14.67,79,1
16,38.02,14.55,47,0
16,38.13,14.55,86,0
3,37.41,13.59,89,1
7,38.68,12.86,58,0
6,38.53,12.73,62,0
9,37.34,13.31,70,1
17,38.09,13.45,60,0
6,37.67,12.49,56,0
17,36.11,12.78,73,1
10,37.28,12.4,89,0
4,36.49,14.02,81,1
5,37.49,12.64,71,1
8,38.01,13.14,49,0
12,36.58,12.65,60,1
11,36.48,13.03,47,0
10,37.23,14.61,58,1
17,37.4,13.24,55,1
8,38.38,12.43,49,0
12,38.7,13.03,68,0
4,37.39,14.71,77,1
9,37.44,12.8,72,1
6,37.44,14.36,84,1
11,35.19,13.84,69,1
5,37.03,14.61,80,1
6,37.27,13.36,48,0
19,36.99,12.65,60,1
7,37.25,13.76,60,1
19,38.4,12.65,46,0
19,37.22,13.09,64,1
17,38.46,13.76,68,0
3,36.86,14.01,81,1
8,37.94,12.82,55,0
6,37.6,12.8,66,0
8,37.11,14.25,58,1
18,37.83,12.58,61,0
18,38.38,13.35,63,0
1,37.33,12.79,59,0
3,35.75,13.47,51,1
12,36.13,14.72,60,1
19,37.73,12.45,81,0
8,37.44,14.34,79,1
2,38.5,14.54,54,0
19,36.65,13.77,76,1
7,36.74,14.39,86,1
10,36.65,12.85,73,1
4,36.37,12.87,50,1
17,38.16,13.55,87,0
4,36.49,13.13,77,1
5,36.74,12.78,71,1
6,36.61,13.44,81,1
17,38.01,13.41,58,0
5,38.52,12.86,53,0
18,37.39,12.6,61,1
12,36.81,14.76,74,1
8,37.6,12.33,46,0
19,36.94,12.66,69,1
19,37.78,14.25,63,0
10,36.55,13.7,75,1
15,36.11,12.56,56,1
7,36.22,13.28,61,1
16,37.9,12.74,57,0
8,36.64,14.73,65,1
15,36.35,13.19,50,1
19,37.06,13.95,66,1
3,38.62,13.14,74,0
12,37.71,14.17,52,0
2,37.93,14.73,56,0
9,38.73,14.27,54,0
6,35.63,12.83,85,1
5,36.45,14.2,80,1
8,37.13,14.22,58,1
16,36.48,14.37,66,1
2,38.7,14.4,81,0
18,37.13,12.7,53,1
18,38.03,13.93,49,0
7,37.09,13.8,58,1
19,36.33,13.26,88,1
14,35.87,14.55,75,1
17,36.65,12.3,73,0
5,36.19,12.33,83,0
13,36.32,13.4,78,1
16,36.59,14.63,72,1
7,37.95,12.41,54,0
6,38.14,13.9,74,0
11,37.45,13.46,80,1
6,38.66,13.47,56,0
15,38.71,13.37,55,0
4,37.43,12.67,73,1
1,37.57,12.64,56,0
14,36.82,13.41,63,1
6,35.71,12.68,58,1
12,37.25,14.16,77,1
8,36.6,13.37,61,1
14,36.83,13.51,56,1
11,35.56,13.55,51,1
12,35.27,14.3,52,1
5,36.11,13.76,89,1
17,37.46,14.42,45,0
19,37.78,12.97,71,0
13,37.38,13.56,60,1
4,36.2,14.51,45,0
11,37.11,13.35,68,1
8,36.63,14.74,45,0
12,36.21,13.66,82,1
7,36.49,14.42,75,1
9,37.31,14.16,66,1
11,37.41,13.92,56,1
3,36.49,13.58,81,1
7,36.49,13.08,87,1
14,38.35,13.36,79,0
18,37.9,14.57,63,0
8,36.22,14.13,78,1
11,37.14,12.97,51,1
10,38.16,13.26,59,0
11,37.2,12.51,63,1
6,35.36,12.73,82,1
1,37.14,14.29,52,0
10,38.24,13.17,78,0
5,37.01,14.49,47,0
13,38.75,13.96,89,0
1,36.21,13.4,53,0
4,38.74,14.06,49,0
10,36.67,13.95,51,1
5,38.2,12.38,63,0
5,37.33,12.77,55,1
10,37.42,12.86,46,0
16,38.56,13.77,85,0
5,37.86,14.46,75,0
15,38.33,13.17,79,0
11,37.26,14.23,59,1
14,35.9,13.06,68,1
5,36.28,12.84,62,1
3,38.79,14.14,77,0
13,35.86,12.81,70,1
7,37.38,14.74,73,1
1,37.35,12.2,49,0
12,36.87,13.87,85,1
18,36.3,13.46,74,1
1,38.45,13.95,73,0
10,37.57,14.43,65,0
19,38.65,14.58,76,0
6,38.43,13.37,62,0
16,38.55,14.44,88,0
6,37.94,13.84,73,0
17,36.87,12.84,83,1
18,38.62,13.24,57,0
17,38.66,14.12,51,0
14,38.57,13.05,68,0
10,37.97,12.67,89,0
15,38.48,12.69,67,0
2,36.62,14.21,87,0
15,38.22,14.15,84,0
5,38.57,14.21,70,0
1,36.78,12.42,86,0
16,37.54,13.86,57,0
2,38.12,14.33,64,0
3,37.14,14,57,1
13,38.67,13.74,68,0
19,38.37,13.74,56,0
6,36.86,14.31,71,1
4,37.05,12.96,87,1
1,36.2,14.03,75,0
9,38.74,14.23,67,0
5,37.95,14.49,81,0
19,37.12,13.44,82,1
16,37.16,13.58,74,1
4,36.86,13.68,81,1
4,37.5,13.01,57,1
17,37.05,14.5,72,1
19,36.32,13.57,89,1
9,37.27,14.25,45,0
17,36.64,14.48,79,1
10,37.64,14.71,66,0
15,36.71,14.34,77,1
4,37.18,13.63,85,1
13,37.03,14.01,63,1
2,36.13,12.53,71,0
13,36.12,12.83,81,1
14,36.67,13.5,87,1
